{"name":"Untitled","created":"2015-08-12T11:34:04.714Z","settings":{"physics":{"gravity":[0,-9.8,0]},"render":{"fog_end":1000,"tonemapping":0,"skybox":null,"fog_density":0.01,"gamma_correction":1,"exposure":1,"fog_start":1,"global_ambient":[0.2,0.2,0.2],"skyboxIntensity":1,"fog_color":[0,0,0],"fog":"none","skyboxMip":0,"lightmapSizeMultiplier":16,"lightmapMaxResolution":2048,"lightmapMode":0,"skyboxRotation":[0,0,0],"lightmapFilterEnabled":false,"lightmapFilterRange":10,"lightmapFilterSmoothness":0.2,"ambientBake":false,"ambientBakeNumSamples":1,"ambientBakeSpherePart":0.4,"ambientBakeOcclusionBrightness":0,"ambientBakeOcclusionContrast":0}},"entities":{"! !":{"9":null,"!":null,"#":"! !",":":[],"$":["! *","! +","! %","! $","!  ","! &","! '","! #"],"%":"Root"," ":true,"&":{")":{" ":true,"*":["game","scoreKeeper"],"+":{"F":{" ":true,"(":{}},"G":{" ":true,"(":{}}}}},"'":[],"___2":0},"! *":{"9":null,"!":"! !","#":"! *",":":[],"$":[],"%":"Camera"," ":true,"&":{"C":{"H":1,"I":50,"J":[0,0,1,1],"K":0,"L":45,"M":true,"N":[0,0,0,1]," ":true,"O":11,"P":0.3,"Q":true,"R":false,"/":[0,1,2,3,4]},")":{" ":true,"*":["camera"],"+":{"C":{" ":true,"(":{}}}}},"'":[],"___1":[6,9,3]},"! +":{"9":null,"!":"! !","#":"! +",":":[],"$":[],"%":"DirectionalLight"," ":true,"&":{"S":{"0":false,"1":false,"T":0.02,"U":[1,1,1],"V":45,"W":1,"X":40,"Y":0.05,"Z":0,"[":1024," ":true,"]":10,"^":20,",":"directional","_":false,"`":true,"a":true,"b":false,"c":2,"d":0,"e":0,"f":5,"g":0.0025,"h":null,"i":1,"j":true,"k":"rgb","l":0,"m":[1,1],"n":[0,0],"o":0,"/":[0],"p":1,"q":0.5}},"'":[],"___1":[12,15,3]},"! %":{"%":"Player"," ":true,"#":"! %","!":"! !","$":["! ,"],"&":{";":{" ":true,",":"box","<":[0.5,0.5,0.5],"=":0.5,">":1,"?":2,".":null,"@":null},")":{" ":true,"*":["player"],"+":{"r":{" ":true,"(":{"s":-90,"t":0.4}}}}},"'":[],"___1":[18,0,3]},"! ,":{"%":"Model"," ":true,"#":"! ,","!":"! %","$":[],"&":{"2":{"0":false,"1":false,"3":null,"4":true,"5":false,"6":true,"7":1,"8":null," ":true,",":"asset",".":52565108,"/":[0]}},"'":[],"___1":[0,0,21]},"! $":{"%":"Templates"," ":false,"#":"! $","!":"! !","$":["! (","! )"],"&":{},"'":[],"___1":[24,0,3]},"! (":{"%":"Box-1"," ":true,"#":"! (","!":"! $","$":["! -"],"&":{";":{" ":true,",":"box","<":[1,1,1],"=":0.5,">":1,"?":2,".":null,"@":null},")":{" ":true,"*":["platform","platformMaterial"],"+":{"D":{" ":true,"(":{}},"E":{" ":true,"(":{}}}}},"'":[],"___2":0},"! -":{"%":"Model"," ":true,"#":"! -","!":"! (","$":[],"&":{"2":{"0":false,"1":false,"3":null,"4":true,"5":false,"6":true,"7":1,"8":null," ":true,",":"asset",".":52565088,"/":[0]}},"'":[],"___2":0},"! )":{"%":"Box-2"," ":true,"#":"! )","!":"! $","$":["! ."],"&":{";":{" ":true,",":"box","<":[1,1,2],"=":0.5,">":1,"?":2,".":null,"@":null},")":{" ":true,"*":["platform","platformMaterial"],"+":{"D":{" ":true,"(":{}},"E":{" ":true,"(":{}}}}},"'":[],"___1":[27,0,3]},"! .":{"%":"Model"," ":true,"#":"! .","!":"! )","$":[],"&":{"2":{"0":false,"1":false,"3":null,"4":true,"5":false,"6":true,"7":1,"8":null," ":true,",":"asset",".":52565080,"/":[0]}},"'":[],"___2":0},"!  ":{"%":"Rows"," ":true,"#":"!  ","!":"! !","$":["! /","! 0","! 1","! 2","! 3","! 4","! 5","! 6","! 7"],"&":{")":{" ":true,"*":["rows"],"+":{"u":{" ":true,"(":{}}}}},"'":[],"___2":0},"! /":{"%":"Row 1"," ":true,"#":"! /","!":"!  ","$":[],"&":{")":{" ":true,"*":["row"],"+":{"-":{" ":true,"(":{}}}}},"'":[],"___2":0},"! 0":{"%":"Row 2"," ":true,"#":"! 0","!":"!  ","$":[],"&":{")":{" ":true,"*":["row"],"+":{"-":{" ":true,"(":{}}}}},"'":[],"___1":[30,0,3]},"! 1":{"%":"Row 3"," ":true,"#":"! 1","!":"!  ","$":[],"&":{")":{" ":true,"*":["row"],"+":{"-":{" ":true,"(":{}}}}},"'":[],"___1":[33,0,3]},"! 2":{"%":"Row 4"," ":true,"#":"! 2","!":"!  ","$":[],"&":{")":{" ":true,"*":["row"],"+":{"-":{" ":true,"(":{}}}}},"'":[],"___1":[36,0,3]},"! 3":{"%":"Row 5"," ":true,"#":"! 3","!":"!  ","$":[],"&":{")":{" ":true,"*":["row"],"+":{"-":{" ":true,"(":{}}}}},"'":[],"___1":[39,0,3]},"! 4":{"%":"Row 6"," ":true,"#":"! 4","!":"!  ","$":[],"&":{")":{" ":true,"*":["row"],"+":{"-":{" ":true,"(":{}}}}},"'":[],"___1":[42,0,3]},"! 5":{"%":"Row 7"," ":true,"#":"! 5","!":"!  ","$":[],"&":{")":{" ":true,"*":["row"],"+":{"-":{" ":true,"(":{}}}}},"'":[],"___1":[45,0,3]},"! 6":{"%":"Row 8"," ":true,"#":"! 6","!":"!  ","$":[],"&":{")":{" ":true,"*":["row"],"+":{"-":{" ":true,"(":{}}}}},"'":[],"___1":[48,0,3]},"! 7":{"%":"Row 9"," ":true,"#":"! 7","!":"!  ","$":[],"&":{")":{" ":true,"*":["row"],"+":{"-":{" ":true,"(":{}}}}},"'":[],"___1":[51,0,3]},"! &":{"%":"Start"," ":true,"#":"! &","!":"! !","$":["! 8"],"&":{")":{" ":true,"*":["podium"],"+":{"v":{" ":true,"(":{}}}}},"'":[],"___2":0},"! 8":{"%":"Model"," ":true,"#":"! 8","!":"! &","$":[],"&":{"2":{"0":false,"1":false,"3":null,"4":true,"5":false,"6":true,"7":1,"8":null," ":true,",":"asset",".":52565080,"/":[0]}},"'":[],"___1":[54,0,3]},"! '":{"%":"End"," ":true,"#":"! '","!":"! !","$":["! 9"],"&":{},"'":[],"___1":[57,0,3]},"! 9":{"%":"Model"," ":true,"#":"! 9","!":"! '","$":[],"&":{"2":{"0":false,"1":false,"3":null,"4":true,"5":false,"6":true,"7":1,"8":null," ":true,",":"asset",".":52565080,"/":[0]}},"'":[],"___1":[0,0,60]},"! #":{"%":"UI"," ":true,"#":"! #","!":"! !","$":["! :","! ;","! <"],"&":{")":{" ":true,"*":["cssHandler"],"+":{"w":{" ":true,"(":{"x":52565102}}}}},"'":[],"___2":0},"! :":{"%":"Font"," ":true,"#":"! :","!":"! #","$":[],"&":{")":{" ":true,"*":["htmlHandler"],"+":{"A":{" ":true,"(":{"B":52565077}}}}},"'":[],"___2":0},"! ;":{"%":"Restart"," ":true,"#":"! ;","!":"! #","$":[],"&":{")":{" ":true,"*":["htmlHandler","restart"],"+":{"A":{" ":true,"(":{"B":52565089}},"y":{" ":true,"(":{"z":52565081,"{":52565096}}}}},"'":[],"___2":0},"! <":{"%":"InGame"," ":false,"#":"! <","!":"! #","$":[],"&":{")":{" ":true,"*":["htmlHandler","inGame"],"+":{"A":{" ":true,"(":{"B":52565083}},"|":{" ":true,"(":{}}}}},"'":[],"___2":0}},"branch_id":"b168b3dd-720b-4b3c-8452-6f8987963eb8","checkpoint_id":"99ca86cd-aed1-43ab-91fb-bc2dfdae0799","id":1202433,"compressedFormat":{"fieldFirstCode":32,"fieldCodeBase":95,"fieldArray":["enabled","parent",1,"resource_id","children","name","components","tags","attributes","script","order","scripts","type","row","asset","layers","castShadows","isStatic","model","materialAsset","receiveShadows","lightmapped","castShadowsLightmap","lightmapSizeMultiplier","batchGroupId","template","labels","collision","halfExtents","radius","axis","height","renderAsset","htmlHandler","html","camera","platform","platformMaterial","game","scoreKeeper","projection","farClip","rect","priority","fov","clearDepthBuffer","clearColor","orthoHeight","nearClip","clearColorBuffer","frustumCulling","light","normalOffsetBias","color","outerConeAngle","intensity","innerConeAngle","shadowBias","falloffMode","shadowResolution",1,"range","shadowDistance","bake","bakeDir","affectDynamic","affectLightmapped","shadowUpdateMode","shadowType","vsmBlurMode","vsmBlurSize","vsmBias","cookieAsset","cookieIntensity","cookieFalloff","cookieChannel","cookieAngle","cookieScale","cookieOffset","shape","numCascades","cascadeDistribution","player","gravity","jumpTime","rows","podium","cssHandler","css","restart","playButton","appStoreButton","inGame"],"singleVecs":[0,0,0,1,1,1,11.52635,13.28104,12.21486,-35,45,0,0,10,0,45,45,0,-4,1.5,0,0.5,0.5,0.5,0,0,-7,0,0,-0.07964,4,0,0,8,0,0,12,0,0,16,0,0,20,0,0,24,0,0,28,0,0,32,0,0,-4,0,0,36,0,0,1,1,20],"tripleVecs":[0,0,3]}}